Validation_Set,Topics,Alpha,Beta,Coherence,,,Topics,75% Corpus,,Topics,100% Corpus
75% Corpus,2,0.01,0.01,0.583686944,19.55971693,,2,0.651990564,,2,0.608799558
75% Corpus,2,0.01,0.31,0.69656028,0.651990564,,3,0.641867106,,3,0.619133948
75% Corpus,2,0.01,0.61,0.694353567,,,4,0.588297772,,4,0.579448111
75% Corpus,2,0.01,0.91,0.629690377,,,5,0.588368465,,5,0.584955747
75% Corpus,2,0.01,symmetric,0.626034308,,,6,0.580137106,,6,0.583208451
75% Corpus,2,0.31,0.01,0.699759672,,,7,0.553856221,,7,0.561792627
75% Corpus,2,0.31,0.31,0.697049041,,,8,0.550272265,,8,0.555169848
75% Corpus,2,0.31,0.61,0.681394358,,,9,0.538108646,,9,0.543204297
75% Corpus,2,0.31,0.91,0.629698711,,,10,0.546183818,,10,0.55552501
75% Corpus,2,0.31,symmetric,0.699489022,,,,,,,
75% Corpus,2,0.61,0.01,0.707074687,,,,,,,
75% Corpus,2,0.61,0.31,0.623012774,,,,,,,
75% Corpus,2,0.61,0.61,0.59137215,,,,,,,
75% Corpus,2,0.61,0.91,0.592738835,,,,,,,
75% Corpus,2,0.61,symmetric,0.623288608,,,,,,,
75% Corpus,2,0.91,0.01,0.650471199,,,,,,,
75% Corpus,2,0.91,0.31,0.638369816,,,,,,,
75% Corpus,2,0.91,0.61,0.623541295,,,,,,,
75% Corpus,2,0.91,0.91,0.638991815,,,,,,,
75% Corpus,2,0.91,symmetric,0.633847536,,,,,,,
75% Corpus,2,symmetric,0.01,0.695269904,,,,,,,
75% Corpus,2,symmetric,0.31,0.66893684,,,,,,,
75% Corpus,2,symmetric,0.61,0.705382341,,,,,,,
75% Corpus,2,symmetric,0.91,0.627486683,,,,,,,
75% Corpus,2,symmetric,symmetric,0.6201743,,,,,,,
75% Corpus,2,asymmetric,0.01,0.718061053,,,,,,,
75% Corpus,2,asymmetric,0.31,0.658883208,,,,,,,
75% Corpus,2,asymmetric,0.61,0.618777238,,,,,,,
75% Corpus,2,asymmetric,0.91,0.633434926,,,,,,,
75% Corpus,2,asymmetric,symmetric,0.652885437,,,,,,,
75% Corpus,3,0.01,0.01,0.668928246,19.25601318,,,,,,
75% Corpus,3,0.01,0.31,0.660403095,0.641867106,,,,,,
75% Corpus,3,0.01,0.61,0.666530755,,,,,,,
75% Corpus,3,0.01,0.91,0.635253916,,,,,,,
75% Corpus,3,0.01,symmetric,0.648832275,,,,,,,
75% Corpus,3,0.31,0.01,0.609878676,,,,,,,
75% Corpus,3,0.31,0.31,0.641646603,,,,,,,
75% Corpus,3,0.31,0.61,0.648835442,,,,,,,
75% Corpus,3,0.31,0.91,0.610882528,,,,,,,
75% Corpus,3,0.31,symmetric,0.654155501,,,,,,,
75% Corpus,3,0.61,0.01,0.614622484,,,,,,,
75% Corpus,3,0.61,0.31,0.622723893,,,,,,,
75% Corpus,3,0.61,0.61,0.635056714,,,,,,,
75% Corpus,3,0.61,0.91,0.615074058,,,,,,,
75% Corpus,3,0.61,symmetric,0.609338366,,,,,,,
75% Corpus,3,0.91,0.01,0.641188882,,,,,,,
75% Corpus,3,0.91,0.31,0.635075522,,,,,,,
75% Corpus,3,0.91,0.61,0.641642758,,,,,,,
75% Corpus,3,0.91,0.91,0.685425414,,,,,,,
75% Corpus,3,0.91,symmetric,0.618079502,,,,,,,
75% Corpus,3,symmetric,0.01,0.617560181,,,,,,,
75% Corpus,3,symmetric,0.31,0.643509154,,,,,,,
75% Corpus,3,symmetric,0.61,0.630211374,,,,,,,
75% Corpus,3,symmetric,0.91,0.664419967,,,,,,,
75% Corpus,3,symmetric,symmetric,0.611658871,,,,,,,
75% Corpus,3,asymmetric,0.01,0.684082639,,,,,,,
75% Corpus,3,asymmetric,0.31,0.618641555,,,,,,,
75% Corpus,3,asymmetric,0.61,0.696618376,,,,,,,
75% Corpus,3,asymmetric,0.91,0.719236344,,,,,,,
75% Corpus,3,asymmetric,symmetric,0.606500087,,,,,,,
75% Corpus,4,0.01,0.01,0.580477886,17.64893316,,,,,,
75% Corpus,4,0.01,0.31,0.611892956,0.588297772,,,,,,
75% Corpus,4,0.01,0.61,0.547988678,,,,,,,
75% Corpus,4,0.01,0.91,0.606098565,,,,,,,
75% Corpus,4,0.01,symmetric,0.545163795,,,,,,,
75% Corpus,4,0.31,0.01,0.564034839,,,,,,,
75% Corpus,4,0.31,0.31,0.577213317,,,,,,,
75% Corpus,4,0.31,0.61,0.542007936,,,,,,,
75% Corpus,4,0.31,0.91,0.572092366,,,,,,,
75% Corpus,4,0.31,symmetric,0.577036862,,,,,,,
75% Corpus,4,0.61,0.01,0.581744172,,,,,,,
75% Corpus,4,0.61,0.31,0.59922592,,,,,,,
75% Corpus,4,0.61,0.61,0.604079805,,,,,,,
75% Corpus,4,0.61,0.91,0.590810236,,,,,,,
75% Corpus,4,0.61,symmetric,0.603541816,,,,,,,
75% Corpus,4,0.91,0.01,0.547321268,,,,,,,
75% Corpus,4,0.91,0.31,0.584497503,,,,,,,
75% Corpus,4,0.91,0.61,0.595094417,,,,,,,
75% Corpus,4,0.91,0.91,0.668300373,,,,,,,
75% Corpus,4,0.91,symmetric,0.588538071,,,,,,,
75% Corpus,4,symmetric,0.01,0.555211844,,,,,,,
75% Corpus,4,symmetric,0.31,0.567666339,,,,,,,
75% Corpus,4,symmetric,0.61,0.571291036,,,,,,,
75% Corpus,4,symmetric,0.91,0.573462872,,,,,,,
75% Corpus,4,symmetric,symmetric,0.547740025,,,,,,,
75% Corpus,4,asymmetric,0.01,0.621199064,,,,,,,
75% Corpus,4,asymmetric,0.31,0.587022666,,,,,,,
75% Corpus,4,asymmetric,0.61,0.647606937,,,,,,,
75% Corpus,4,asymmetric,0.91,0.720789545,,,,,,,
75% Corpus,4,asymmetric,symmetric,0.569782055,,,,,,,
75% Corpus,5,0.01,0.01,0.622105038,17.65105394,,,,,,
75% Corpus,5,0.01,0.31,0.58644997,0.588368465,,,,,,
75% Corpus,5,0.01,0.61,0.591023761,,,,,,,
75% Corpus,5,0.01,0.91,0.588418579,,,,,,,
75% Corpus,5,0.01,symmetric,0.570213084,,,,,,,
75% Corpus,5,0.31,0.01,0.582113057,,,,,,,
75% Corpus,5,0.31,0.31,0.592356664,,,,,,,
75% Corpus,5,0.31,0.61,0.588369174,,,,,,,
75% Corpus,5,0.31,0.91,0.589683328,,,,,,,
75% Corpus,5,0.31,symmetric,0.580547764,,,,,,,
75% Corpus,5,0.61,0.01,0.595205069,,,,,,,
75% Corpus,5,0.61,0.31,0.557910401,,,,,,,
75% Corpus,5,0.61,0.61,0.580600853,,,,,,,
75% Corpus,5,0.61,0.91,0.577436514,,,,,,,
75% Corpus,5,0.61,symmetric,0.565838142,,,,,,,
75% Corpus,5,0.91,0.01,0.583222787,,,,,,,
75% Corpus,5,0.91,0.31,0.633905945,,,,,,,
75% Corpus,5,0.91,0.61,0.575187486,,,,,,,
75% Corpus,5,0.91,0.91,0.575682054,,,,,,,
75% Corpus,5,0.91,symmetric,0.592045089,,,,,,,
75% Corpus,5,symmetric,0.01,0.56545567,,,,,,,
75% Corpus,5,symmetric,0.31,0.575817783,,,,,,,
75% Corpus,5,symmetric,0.61,0.60099032,,,,,,,
75% Corpus,5,symmetric,0.91,0.565605527,,,,,,,
75% Corpus,5,symmetric,symmetric,0.571356309,,,,,,,
75% Corpus,5,asymmetric,0.01,0.586102621,,,,,,,
75% Corpus,5,asymmetric,0.31,0.595949973,,,,,,,
75% Corpus,5,asymmetric,0.61,0.600595041,,,,,,,
75% Corpus,5,asymmetric,0.91,0.6596652,,,,,,,
75% Corpus,5,asymmetric,symmetric,0.601200738,,,,,,,
75% Corpus,6,0.01,0.01,0.58099343,17.40411318,,,,,,
75% Corpus,6,0.01,0.31,0.578705922,0.580137106,,,,,,
75% Corpus,6,0.01,0.61,0.611817346,,,,,,,
75% Corpus,6,0.01,0.91,0.589382389,,,,,,,
75% Corpus,6,0.01,symmetric,0.597176736,,,,,,,
75% Corpus,6,0.31,0.01,0.549370765,,,,,,,
75% Corpus,6,0.31,0.31,0.577135657,,,,,,,
75% Corpus,6,0.31,0.61,0.589503253,,,,,,,
75% Corpus,6,0.31,0.91,0.623426835,,,,,,,
75% Corpus,6,0.31,symmetric,0.558967461,,,,,,,
75% Corpus,6,0.61,0.01,0.54450782,,,,,,,
75% Corpus,6,0.61,0.31,0.585469159,,,,,,,
75% Corpus,6,0.61,0.61,0.589310362,,,,,,,
75% Corpus,6,0.61,0.91,0.587717199,,,,,,,
75% Corpus,6,0.61,symmetric,0.544876233,,,,,,,
75% Corpus,6,0.91,0.01,0.557512032,,,,,,,
75% Corpus,6,0.91,0.31,0.55433538,,,,,,,
75% Corpus,6,0.91,0.61,0.5487467,,,,,,,
75% Corpus,6,0.91,0.91,0.537391204,,,,,,,
75% Corpus,6,0.91,symmetric,0.569239812,,,,,,,
75% Corpus,6,symmetric,0.01,0.581617364,,,,,,,
75% Corpus,6,symmetric,0.31,0.579704282,,,,,,,
75% Corpus,6,symmetric,0.61,0.622945832,,,,,,,
75% Corpus,6,symmetric,0.91,0.591430424,,,,,,,
75% Corpus,6,symmetric,symmetric,0.582787604,,,,,,,
75% Corpus,6,asymmetric,0.01,0.558149257,,,,,,,
75% Corpus,6,asymmetric,0.31,0.617964881,,,,,,,
75% Corpus,6,asymmetric,0.61,0.572444448,,,,,,,
75% Corpus,6,asymmetric,0.91,0.60212608,,,,,,,
75% Corpus,6,asymmetric,symmetric,0.619357317,,,,,,,
75% Corpus,7,0.01,0.01,0.555866949,16.61568663,,,,,,
75% Corpus,7,0.01,0.31,0.570653696,0.553856221,,,,,,
75% Corpus,7,0.01,0.61,0.562069453,,,,,,,
75% Corpus,7,0.01,0.91,0.555254378,,,,,,,
75% Corpus,7,0.01,symmetric,0.541161149,,,,,,,
75% Corpus,7,0.31,0.01,0.52534318,,,,,,,
75% Corpus,7,0.31,0.31,0.534220559,,,,,,,
75% Corpus,7,0.31,0.61,0.533599444,,,,,,,
75% Corpus,7,0.31,0.91,0.533702424,,,,,,,
75% Corpus,7,0.31,symmetric,0.512475613,,,,,,,
75% Corpus,7,0.61,0.01,0.51387363,,,,,,,
75% Corpus,7,0.61,0.31,0.537440811,,,,,,,
75% Corpus,7,0.61,0.61,0.577934064,,,,,,,
75% Corpus,7,0.61,0.91,0.572862686,,,,,,,
75% Corpus,7,0.61,symmetric,0.537777769,,,,,,,
75% Corpus,7,0.91,0.01,0.531131325,,,,,,,
75% Corpus,7,0.91,0.31,0.55550603,,,,,,,
75% Corpus,7,0.91,0.61,0.566591044,,,,,,,
75% Corpus,7,0.91,0.91,0.529610593,,,,,,,
75% Corpus,7,0.91,symmetric,0.586441246,,,,,,,
75% Corpus,7,symmetric,0.01,0.551766801,,,,,,,
75% Corpus,7,symmetric,0.31,0.543796757,,,,,,,
75% Corpus,7,symmetric,0.61,0.574762613,,,,,,,
75% Corpus,7,symmetric,0.91,0.5391889,,,,,,,
75% Corpus,7,symmetric,symmetric,0.520175176,,,,,,,
75% Corpus,7,asymmetric,0.01,0.561276944,,,,,,,
75% Corpus,7,asymmetric,0.31,0.59072104,,,,,,,
75% Corpus,7,asymmetric,0.61,0.601105173,,,,,,,
75% Corpus,7,asymmetric,0.91,0.629270415,,,,,,,
75% Corpus,7,asymmetric,symmetric,0.570106768,,,,,,,
75% Corpus,8,0.01,0.01,0.530917837,16.50816794,,,,,,
75% Corpus,8,0.01,0.31,0.582913497,0.550272265,,,,,,
75% Corpus,8,0.01,0.61,0.585988387,,,,,,,
75% Corpus,8,0.01,0.91,0.54730948,,,,,,,
75% Corpus,8,0.01,symmetric,0.563046734,,,,,,,
75% Corpus,8,0.31,0.01,0.523971875,,,,,,,
75% Corpus,8,0.31,0.31,0.546029106,,,,,,,
75% Corpus,8,0.31,0.61,0.571962429,,,,,,,
75% Corpus,8,0.31,0.91,0.559084874,,,,,,,
75% Corpus,8,0.31,symmetric,0.537575256,,,,,,,
75% Corpus,8,0.61,0.01,0.505990502,,,,,,,
75% Corpus,8,0.61,0.31,0.540101238,,,,,,,
75% Corpus,8,0.61,0.61,0.538693976,,,,,,,
75% Corpus,8,0.61,0.91,0.553758376,,,,,,,
75% Corpus,8,0.61,symmetric,0.49849965,,,,,,,
75% Corpus,8,0.91,0.01,0.52623294,,,,,,,
75% Corpus,8,0.91,0.31,0.584785661,,,,,,,
75% Corpus,8,0.91,0.61,0.534268794,,,,,,,
75% Corpus,8,0.91,0.91,0.550329014,,,,,,,
75% Corpus,8,0.91,symmetric,0.54286299,,,,,,,
75% Corpus,8,symmetric,0.01,0.540023436,,,,,,,
75% Corpus,8,symmetric,0.31,0.574768059,,,,,,,
75% Corpus,8,symmetric,0.61,0.594409801,,,,,,,
75% Corpus,8,symmetric,0.91,0.580852113,,,,,,,
75% Corpus,8,symmetric,symmetric,0.550087376,,,,,,,
75% Corpus,8,asymmetric,0.01,0.513749399,,,,,,,
75% Corpus,8,asymmetric,0.31,0.515792165,,,,,,,
75% Corpus,8,asymmetric,0.61,0.578759737,,,,,,,
75% Corpus,8,asymmetric,0.91,0.603243101,,,,,,,
75% Corpus,8,asymmetric,symmetric,0.532160133,,,,,,,
75% Corpus,9,0.01,0.01,0.515023753,16.14325938,,,,,,
75% Corpus,9,0.01,0.31,0.536169257,0.538108646,,,,,,
75% Corpus,9,0.01,0.61,0.548042359,,,,,,,
75% Corpus,9,0.01,0.91,0.59357896,,,,,,,
75% Corpus,9,0.01,symmetric,0.550953161,,,,,,,
75% Corpus,9,0.31,0.01,0.481579439,,,,,,,
75% Corpus,9,0.31,0.31,0.535831054,,,,,,,
75% Corpus,9,0.31,0.61,0.556989751,,,,,,,
75% Corpus,9,0.31,0.91,0.556889327,,,,,,,
75% Corpus,9,0.31,symmetric,0.514442332,,,,,,,
75% Corpus,9,0.61,0.01,0.516267013,,,,,,,
75% Corpus,9,0.61,0.31,0.513632299,,,,,,,
75% Corpus,9,0.61,0.61,0.496356616,,,,,,,
75% Corpus,9,0.61,0.91,0.548432288,,,,,,,
75% Corpus,9,0.61,symmetric,0.515329043,,,,,,,
75% Corpus,9,0.91,0.01,0.518188654,,,,,,,
75% Corpus,9,0.91,0.31,0.540155279,,,,,,,
75% Corpus,9,0.91,0.61,0.539031598,,,,,,,
75% Corpus,9,0.91,0.91,0.50819734,,,,,,,
75% Corpus,9,0.91,symmetric,0.549578966,,,,,,,
75% Corpus,9,symmetric,0.01,0.535177489,,,,,,,
75% Corpus,9,symmetric,0.31,0.559168709,,,,,,,
75% Corpus,9,symmetric,0.61,0.555116018,,,,,,,
75% Corpus,9,symmetric,0.91,0.564630505,,,,,,,
75% Corpus,9,symmetric,symmetric,0.526905158,,,,,,,
75% Corpus,9,asymmetric,0.01,0.520694501,,,,,,,
75% Corpus,9,asymmetric,0.31,0.51429538,,,,,,,
75% Corpus,9,asymmetric,0.61,0.566428347,,,,,,,
75% Corpus,9,asymmetric,0.91,0.621581069,,,,,,,
75% Corpus,9,asymmetric,symmetric,0.544593716,,,,,,,
75% Corpus,10,0.01,0.01,0.532113001,16.38551454,,,,,,
75% Corpus,10,0.01,0.31,0.563002134,0.546183818,,,,,,
75% Corpus,10,0.01,0.61,0.582162667,,,,,,,
75% Corpus,10,0.01,0.91,0.593756883,,,,,,,
75% Corpus,10,0.01,symmetric,0.546817798,,,,,,,
75% Corpus,10,0.31,0.01,0.493419106,,,,,,,
75% Corpus,10,0.31,0.31,0.542195845,,,,,,,
75% Corpus,10,0.31,0.61,0.546464719,,,,,,,
75% Corpus,10,0.31,0.91,0.55910438,,,,,,,
75% Corpus,10,0.31,symmetric,0.493349785,,,,,,,
75% Corpus,10,0.61,0.01,0.503272115,,,,,,,
75% Corpus,10,0.61,0.31,0.522383128,,,,,,,
75% Corpus,10,0.61,0.61,0.543347444,,,,,,,
75% Corpus,10,0.61,0.91,0.590214344,,,,,,,
75% Corpus,10,0.61,symmetric,0.502277914,,,,,,,
75% Corpus,10,0.91,0.01,0.516361112,,,,,,,
75% Corpus,10,0.91,0.31,0.527739667,,,,,,,
75% Corpus,10,0.91,0.61,0.532582538,,,,,,,
75% Corpus,10,0.91,0.91,0.521496935,,,,,,,
75% Corpus,10,0.91,symmetric,0.545220025,,,,,,,
75% Corpus,10,symmetric,0.01,0.525201245,,,,,,,
75% Corpus,10,symmetric,0.31,0.559729951,,,,,,,
75% Corpus,10,symmetric,0.61,0.586998692,,,,,,,
75% Corpus,10,symmetric,0.91,0.593774254,,,,,,,
75% Corpus,10,symmetric,symmetric,0.542865071,,,,,,,
75% Corpus,10,asymmetric,0.01,0.520373291,,,,,,,
75% Corpus,10,asymmetric,0.31,0.587328634,,,,,,,
75% Corpus,10,asymmetric,0.61,0.581632561,,,,,,,
75% Corpus,10,asymmetric,0.91,0.607373999,,,,,,,
75% Corpus,10,asymmetric,symmetric,0.522955299,,,,,,,
100% Corpus,2,0.01,0.01,0.621372882,18.26398674,,,,,,
100% Corpus,2,0.01,0.31,0.583694034,0.608799558,,,,,,
100% Corpus,2,0.01,0.61,0.652337928,,,,,,,
100% Corpus,2,0.01,0.91,0.603193439,,,,,,,
100% Corpus,2,0.01,symmetric,0.679187289,,,,,,,
100% Corpus,2,0.31,0.01,0.629898527,,,,,,,
100% Corpus,2,0.31,0.31,0.645141943,,,,,,,
100% Corpus,2,0.31,0.61,0.611703945,,,,,,,
100% Corpus,2,0.31,0.91,0.590096605,,,,,,,
100% Corpus,2,0.31,symmetric,0.576243906,,,,,,,
100% Corpus,2,0.61,0.01,0.588787981,,,,,,,
100% Corpus,2,0.61,0.31,0.568299429,,,,,,,
100% Corpus,2,0.61,0.61,0.562947105,,,,,,,
100% Corpus,2,0.61,0.91,0.603964466,,,,,,,
100% Corpus,2,0.61,symmetric,0.570618916,,,,,,,
100% Corpus,2,0.91,0.01,0.597613367,,,,,,,
100% Corpus,2,0.91,0.31,0.572860637,,,,,,,
100% Corpus,2,0.91,0.61,0.565512594,,,,,,,
100% Corpus,2,0.91,0.91,0.589264314,,,,,,,
100% Corpus,2,0.91,symmetric,0.650778022,,,,,,,
100% Corpus,2,symmetric,0.01,0.609998474,,,,,,,
100% Corpus,2,symmetric,0.31,0.604699469,,,,,,,
100% Corpus,2,symmetric,0.61,0.573609706,,,,,,,
100% Corpus,2,symmetric,0.91,0.624950759,,,,,,,
100% Corpus,2,symmetric,symmetric,0.568299429,,,,,,,
100% Corpus,2,asymmetric,0.01,0.626062881,,,,,,,
100% Corpus,2,asymmetric,0.31,0.662503876,,,,,,,
100% Corpus,2,asymmetric,0.61,0.659155536,,,,,,,
100% Corpus,2,asymmetric,0.91,0.633277984,,,,,,,
100% Corpus,2,asymmetric,symmetric,0.637911301,,,,,,,
100% Corpus,3,0.01,0.01,0.651285781,18.57401845,,,,,,
100% Corpus,3,0.01,0.31,0.618236911,0.619133948,,,,,,
100% Corpus,3,0.01,0.61,0.647294105,,,,,,,
100% Corpus,3,0.01,0.91,0.655506469,Highest Coherence for K = 3,,,,,,
100% Corpus,3,0.01,symmetric,0.591815773,0.67190936,,,,,,
100% Corpus,3,0.31,0.01,0.611750855,Alpha = asymmetric,,,,,,
100% Corpus,3,0.31,0.31,0.581659924,Beta = 0.01,,,,,,
100% Corpus,3,0.31,0.61,0.583780533,,,,,,,
100% Corpus,3,0.31,0.91,0.635405923,,,,,,,
100% Corpus,3,0.31,symmetric,0.609386837,,,,,,,
100% Corpus,3,0.61,0.01,0.605200766,,,,,,,
100% Corpus,3,0.61,0.31,0.584452955,,,,,,,
100% Corpus,3,0.61,0.61,0.567111611,,,,,,,
100% Corpus,3,0.61,0.91,0.616192146,,,,,,,
100% Corpus,3,0.61,symmetric,0.604518432,,,,,,,
100% Corpus,3,0.91,0.01,0.619798323,,,,,,,
100% Corpus,3,0.91,0.31,0.645031168,,,,,,,
100% Corpus,3,0.91,0.61,0.632960595,,,,,,,
100% Corpus,3,0.91,0.91,0.614663399,,,,,,,
100% Corpus,3,0.91,symmetric,0.636125167,,,,,,,
100% Corpus,3,symmetric,0.01,0.60692546,,,,,,,
100% Corpus,3,symmetric,0.31,0.612702814,,,,,,,
100% Corpus,3,symmetric,0.61,0.601384847,,,,,,,
100% Corpus,3,symmetric,0.91,0.633421887,,,,,,,
100% Corpus,3,symmetric,symmetric,0.594559521,,,,,,,
100% Corpus,3,asymmetric,0.01,0.67190936,,,,,,,
100% Corpus,3,asymmetric,0.31,0.617734587,,,,,,,
100% Corpus,3,asymmetric,0.61,0.632960139,,,,,,,
100% Corpus,3,asymmetric,0.91,0.654939705,,,,,,,
100% Corpus,3,asymmetric,symmetric,0.635302452,,,,,,,
100% Corpus,4,0.01,0.01,0.593699364,17.38344332,,,,,,
100% Corpus,4,0.01,0.31,0.597970307,0.579448111,,,,,,
100% Corpus,4,0.01,0.61,0.586525035,,,,,,,
100% Corpus,4,0.01,0.91,0.555413381,,,,,,,
100% Corpus,4,0.01,symmetric,0.603876549,,,,,,,
100% Corpus,4,0.31,0.01,0.561584336,,,,,,,
100% Corpus,4,0.31,0.31,0.574468363,,,,,,,
100% Corpus,4,0.31,0.61,0.558663568,,,,,,,
100% Corpus,4,0.31,0.91,0.571755586,,,,,,,
100% Corpus,4,0.31,symmetric,0.565454969,,,,,,,
100% Corpus,4,0.61,0.01,0.557102641,,,,,,,
100% Corpus,4,0.61,0.31,0.569830319,,,,,,,
100% Corpus,4,0.61,0.61,0.575718198,,,,,,,
100% Corpus,4,0.61,0.91,0.588426608,,,,,,,
100% Corpus,4,0.61,symmetric,0.5787937,,,,,,,
100% Corpus,4,0.91,0.01,0.545014338,,,,,,,
100% Corpus,4,0.91,0.31,0.577095637,,,,,,,
100% Corpus,4,0.91,0.61,0.577092064,,,,,,,
100% Corpus,4,0.91,0.91,0.57550698,,,,,,,
100% Corpus,4,0.91,symmetric,0.557332305,,,,,,,
100% Corpus,4,symmetric,0.01,0.574262279,,,,,,,
100% Corpus,4,symmetric,0.31,0.58258484,,,,,,,
100% Corpus,4,symmetric,0.61,0.58073259,,,,,,,
100% Corpus,4,symmetric,0.91,0.56474343,,,,,,,
100% Corpus,4,symmetric,symmetric,0.563581005,,,,,,,
100% Corpus,4,asymmetric,0.01,0.607756617,,,,,,,
100% Corpus,4,asymmetric,0.31,0.575162856,,,,,,,
100% Corpus,4,asymmetric,0.61,0.613552322,,,,,,,
100% Corpus,4,asymmetric,0.91,0.676898902,,,,,,,
100% Corpus,4,asymmetric,symmetric,0.572844231,,,,,,,
100% Corpus,5,0.01,0.01,0.605058568,17.54867241,,,,,,
100% Corpus,5,0.01,0.31,0.621632378,0.584955747,,,,,,
100% Corpus,5,0.01,0.61,0.594047378,,,,,,,
100% Corpus,5,0.01,0.91,0.571596994,,,,,,,
100% Corpus,5,0.01,symmetric,0.566196257,,,,,,,
100% Corpus,5,0.31,0.01,0.557888856,,,,,,,
100% Corpus,5,0.31,0.31,0.590461399,,,,,,,
100% Corpus,5,0.31,0.61,0.587280396,,,,,,,
100% Corpus,5,0.31,0.91,0.587430144,,,,,,,
100% Corpus,5,0.31,symmetric,0.554111421,,,,,,,
100% Corpus,5,0.61,0.01,0.596707136,,,,,,,
100% Corpus,5,0.61,0.31,0.593593535,,,,,,,
100% Corpus,5,0.61,0.61,0.572789876,,,,,,,
100% Corpus,5,0.61,0.91,0.602048146,,,,,,,
100% Corpus,5,0.61,symmetric,0.56803565,,,,,,,
100% Corpus,5,0.91,0.01,0.58209181,,,,,,,
100% Corpus,5,0.91,0.31,0.585481763,,,,,,,
100% Corpus,5,0.91,0.61,0.598523468,,,,,,,
100% Corpus,5,0.91,0.91,0.539185101,,,,,,,
100% Corpus,5,0.91,symmetric,0.589843511,,,,,,,
100% Corpus,5,symmetric,0.01,0.591616026,,,,,,,
100% Corpus,5,symmetric,0.31,0.579864779,,,,,,,
100% Corpus,5,symmetric,0.61,0.569520922,,,,,,,
100% Corpus,5,symmetric,0.91,0.583643436,,,,,,,
100% Corpus,5,symmetric,symmetric,0.576454637,,,,,,,
100% Corpus,5,asymmetric,0.01,0.567267374,,,,,,,
100% Corpus,5,asymmetric,0.31,0.625790627,,,,,,,
100% Corpus,5,asymmetric,0.61,0.585197917,,,,,,,
100% Corpus,5,asymmetric,0.91,0.606652515,,,,,,,
100% Corpus,5,asymmetric,symmetric,0.59866039,,,,,,,
100% Corpus,6,0.01,0.01,0.572614313,17.49625354,,,,,,
100% Corpus,6,0.01,0.31,0.610817583,0.583208451,,,,,,
100% Corpus,6,0.01,0.61,0.581776532,,,,,,,
100% Corpus,6,0.01,0.91,0.585058459,,,,,,,
100% Corpus,6,0.01,symmetric,0.572626178,,,,,,,
100% Corpus,6,0.31,0.01,0.549013914,,,,,,,
100% Corpus,6,0.31,0.31,0.601207393,,,,,,,
100% Corpus,6,0.31,0.61,0.630042051,,,,,,,
100% Corpus,6,0.31,0.91,0.614595043,,,,,,,
100% Corpus,6,0.31,symmetric,0.584083614,,,,,,,
100% Corpus,6,0.61,0.01,0.536735047,,,,,,,
100% Corpus,6,0.61,0.31,0.564027332,,,,,,,
100% Corpus,6,0.61,0.61,0.54627097,,,,,,,
100% Corpus,6,0.61,0.91,0.600323372,,,,,,,
100% Corpus,6,0.61,symmetric,0.581697518,,,,,,,
100% Corpus,6,0.91,0.01,0.559747484,,,,,,,
100% Corpus,6,0.91,0.31,0.568415626,,,,,,,
100% Corpus,6,0.91,0.61,0.575223821,,,,,,,
100% Corpus,6,0.91,0.91,0.564103855,,,,,,,
100% Corpus,6,0.91,symmetric,0.552299497,,,,,,,
100% Corpus,6,symmetric,0.01,0.591604636,,,,,,,
100% Corpus,6,symmetric,0.31,0.601191685,,,,,,,
100% Corpus,6,symmetric,0.61,0.625049245,,,,,,,
100% Corpus,6,symmetric,0.91,0.595157271,,,,,,,
100% Corpus,6,symmetric,symmetric,0.575469908,,,,,,,
100% Corpus,6,asymmetric,0.01,0.572357488,,,,,,,
100% Corpus,6,asymmetric,0.31,0.597268833,,,,,,,
100% Corpus,6,asymmetric,0.61,0.579062044,,,,,,,
100% Corpus,6,asymmetric,0.91,0.618931407,,,,,,,
100% Corpus,6,asymmetric,symmetric,0.589481418,,,,,,,
100% Corpus,7,0.01,0.01,0.557870721,16.85377882,,,,,,
100% Corpus,7,0.01,0.31,0.583656339,0.561792627,,,,,,
100% Corpus,7,0.01,0.61,0.565576217,,,,,,,
100% Corpus,7,0.01,0.91,0.580075879,,,,,,,
100% Corpus,7,0.01,symmetric,0.560566215,,,,,,,
100% Corpus,7,0.31,0.01,0.512616327,,,,,,,
100% Corpus,7,0.31,0.31,0.551878116,,,,,,,
100% Corpus,7,0.31,0.61,0.568517473,,,,,,,
100% Corpus,7,0.31,0.91,0.549330802,,,,,,,
100% Corpus,7,0.31,symmetric,0.538400644,,,,,,,
100% Corpus,7,0.61,0.01,0.526492452,,,,,,,
100% Corpus,7,0.61,0.31,0.57353202,,,,,,,
100% Corpus,7,0.61,0.61,0.550982033,,,,,,,
100% Corpus,7,0.61,0.91,0.581123667,,,,,,,
100% Corpus,7,0.61,symmetric,0.555022288,,,,,,,
100% Corpus,7,0.91,0.01,0.552371093,,,,,,,
100% Corpus,7,0.91,0.31,0.575574658,,,,,,,
100% Corpus,7,0.91,0.61,0.57480784,,,,,,,
100% Corpus,7,0.91,0.91,0.572955369,,,,,,,
100% Corpus,7,0.91,symmetric,0.53127766,,,,,,,
100% Corpus,7,symmetric,0.01,0.52937269,,,,,,,
100% Corpus,7,symmetric,0.31,0.570061109,,,,,,,
100% Corpus,7,symmetric,0.61,0.57517824,,,,,,,
100% Corpus,7,symmetric,0.91,0.564996374,,,,,,,
100% Corpus,7,symmetric,symmetric,0.535764442,,,,,,,
100% Corpus,7,asymmetric,0.01,0.557414619,,,,,,,
100% Corpus,7,asymmetric,0.31,0.599377545,,,,,,,
100% Corpus,7,asymmetric,0.61,0.571916947,,,,,,,
100% Corpus,7,asymmetric,0.91,0.637073723,,,,,,,
100% Corpus,7,asymmetric,symmetric,0.549995321,,,,,,,
100% Corpus,8,0.01,0.01,0.532829665,16.65509545,,,,,,
100% Corpus,8,0.01,0.31,0.587429437,0.555169848,,,,,,
100% Corpus,8,0.01,0.61,0.568568905,,,,,,,
100% Corpus,8,0.01,0.91,0.610712719,,,,,,,
100% Corpus,8,0.01,symmetric,0.5550935,,,,,,,
100% Corpus,8,0.31,0.01,0.49402088,,,,,,,
100% Corpus,8,0.31,0.31,0.555677597,,,,,,,
100% Corpus,8,0.31,0.61,0.552856523,,,,,,,
100% Corpus,8,0.31,0.91,0.564025989,,,,,,,
100% Corpus,8,0.31,symmetric,0.530603615,,,,,,,
100% Corpus,8,0.61,0.01,0.527124247,,,,,,,
100% Corpus,8,0.61,0.31,0.529951555,,,,,,,
100% Corpus,8,0.61,0.61,0.53661874,,,,,,,
100% Corpus,8,0.61,0.91,0.563487635,,,,,,,
100% Corpus,8,0.61,symmetric,0.530741896,,,,,,,
100% Corpus,8,0.91,0.01,0.529836866,,,,,,,
100% Corpus,8,0.91,0.31,0.567796095,,,,,,,
100% Corpus,8,0.91,0.61,0.547785124,,,,,,,
100% Corpus,8,0.91,0.91,0.595191619,,,,,,,
100% Corpus,8,0.91,symmetric,0.545369629,,,,,,,
100% Corpus,8,symmetric,0.01,0.553860163,,,,,,,
100% Corpus,8,symmetric,0.31,0.556611614,,,,,,,
100% Corpus,8,symmetric,0.61,0.591898591,,,,,,,
100% Corpus,8,symmetric,0.91,0.568284195,,,,,,,
100% Corpus,8,symmetric,symmetric,0.55834841,,,,,,,
100% Corpus,8,asymmetric,0.01,0.532696382,,,,,,,
100% Corpus,8,asymmetric,0.31,0.55215698,,,,,,,
100% Corpus,8,asymmetric,0.61,0.573436658,,,,,,,
100% Corpus,8,asymmetric,0.91,0.598622256,,,,,,,
100% Corpus,8,asymmetric,symmetric,0.54345796,,,,,,,
100% Corpus,9,0.01,0.01,0.536171842,16.29612891,,,,,,
100% Corpus,9,0.01,0.31,0.553943707,0.543204297,,,,,,
100% Corpus,9,0.01,0.61,0.554128069,,,,,,,
100% Corpus,9,0.01,0.91,0.555234293,,,,,,,
100% Corpus,9,0.01,symmetric,0.520550587,,,,,,,
100% Corpus,9,0.31,0.01,0.488108746,,,,,,,
100% Corpus,9,0.31,0.31,0.545634396,,,,,,,
100% Corpus,9,0.31,0.61,0.573686472,,,,,,,
100% Corpus,9,0.31,0.91,0.580078575,,,,,,,
100% Corpus,9,0.31,symmetric,0.52446985,,,,,,,
100% Corpus,9,0.61,0.01,0.497959564,,,,,,,
100% Corpus,9,0.61,0.31,0.512004953,,,,,,,
100% Corpus,9,0.61,0.61,0.537163113,,,,,,,
100% Corpus,9,0.61,0.91,0.513069049,,,,,,,
100% Corpus,9,0.61,symmetric,0.508236909,,,,,,,
100% Corpus,9,0.91,0.01,0.51112907,,,,,,,
100% Corpus,9,0.91,0.31,0.558383309,,,,,,,
100% Corpus,9,0.91,0.61,0.530199722,,,,,,,
100% Corpus,9,0.91,0.91,0.551013724,,,,,,,
100% Corpus,9,0.91,symmetric,0.545609978,,,,,,,
100% Corpus,9,symmetric,0.01,0.548749391,,,,,,,
100% Corpus,9,symmetric,0.31,0.555466381,,,,,,,
100% Corpus,9,symmetric,0.61,0.545654585,,,,,,,
100% Corpus,9,symmetric,0.91,0.554911508,,,,,,,
100% Corpus,9,symmetric,symmetric,0.55745801,,,,,,,
100% Corpus,9,asymmetric,0.01,0.515183193,,,,,,,
100% Corpus,9,asymmetric,0.31,0.572041307,,,,,,,
100% Corpus,9,asymmetric,0.61,0.590961958,,,,,,,
100% Corpus,9,asymmetric,0.91,0.609874758,,,,,,,
100% Corpus,9,asymmetric,symmetric,0.549051889,,,,,,,
100% Corpus,10,0.01,0.01,0.568938609,16.6657503,,,,,,
100% Corpus,10,0.01,0.31,0.566224746,0.55552501,,,,,,
100% Corpus,10,0.01,0.61,0.594601927,,,,,,,
100% Corpus,10,0.01,0.91,0.611381325,,,,,,,
100% Corpus,10,0.01,symmetric,0.574202996,,,,,,,
100% Corpus,10,0.31,0.01,0.518267207,,,,,,,
100% Corpus,10,0.31,0.31,0.547898481,,,,,,,
100% Corpus,10,0.31,0.61,0.523635201,,,,,,,
100% Corpus,10,0.31,0.91,0.570294757,,,,,,,
100% Corpus,10,0.31,symmetric,0.53511086,,,,,,,
100% Corpus,10,0.61,0.01,0.495861112,,,,,,,
100% Corpus,10,0.61,0.31,0.545139495,,,,,,,
100% Corpus,10,0.61,0.61,0.541850527,,,,,,,
100% Corpus,10,0.61,0.91,0.591854249,,,,,,,
100% Corpus,10,0.61,symmetric,0.539915346,,,,,,,
100% Corpus,10,0.91,0.01,0.513257651,,,,,,,
100% Corpus,10,0.91,0.31,0.541935568,,,,,,,
100% Corpus,10,0.91,0.61,0.549620755,,,,,,,
100% Corpus,10,0.91,0.91,0.565546876,,,,,,,
100% Corpus,10,0.91,symmetric,0.534025759,,,,,,,
100% Corpus,10,symmetric,0.01,0.564955137,,,,,,,
100% Corpus,10,symmetric,0.31,0.558783213,,,,,,,
100% Corpus,10,symmetric,0.61,0.575572,,,,,,,
100% Corpus,10,symmetric,0.91,0.587331509,,,,,,,
100% Corpus,10,symmetric,symmetric,0.558908594,,,,,,,
100% Corpus,10,asymmetric,0.01,0.517567848,,,,,,,
100% Corpus,10,asymmetric,0.31,0.574507218,,,,,,,
100% Corpus,10,asymmetric,0.61,0.57894902,,,,,,,
100% Corpus,10,asymmetric,0.91,0.578361993,,,,,,,
100% Corpus,10,asymmetric,symmetric,0.541250316,,,,,,,
